corpus,doc_id,sent_id,eg_id,index,text,text_w_pairs,seq_label,pair_label,context,num_sents
cnc,train_01_10,0,0,cnc_train_01_10_0_0,The farmworkers ' strike resumed on Tuesday when their demands were not met .,<ARG1>The farmworkers ' strike resumed on Tuesday</ARG1> when <ARG0>their demands were not met</ARG0> .,1,1,,1
cnc,train_01_17,0,0,cnc_train_01_17_0_0,The attack on Karayogams had sparked sharp reactions from the CPM leaders .,<ARG0>The attack on Karayogams</ARG0> <ARG1>had <SIG0>sparked</SIG0> sharp reactions from the CPM leaders</ARG1> .,1,1,,1
cnc,train_01_47,0,0,cnc_train_01_47_0_0,"The strike began on September 9 , with Numsa demanding a double-digit percentage increase .","<ARG1>The strike began on September 9</ARG1> , <ARG0>with Numsa <SIG0>demanding</SIG0> a double-digit percentage increase</ARG0> .",1,1,,1
cnc,train_01_70,0,0,cnc_train_01_70_0_0,Some police personnel intervened and urged them to give up their protest - but to no avail .,<ARG0>Some police personnel intervened</ARG0> and <ARG1>urged them to give up their protest</ARG1> - but to no avail .,1,1,,1
cnc,train_01_83,0,0,cnc_train_01_83_0_0,Two bus drivers were hurt in the attacks .,<ARG1>Two bus drivers were hurt</ARG1> in <ARG0>the attacks</ARG0> .,1,1,,1
cnc,train_01_84,0,0,cnc_train_01_84_0_0,Hartal supporters pelted stones at a KSRTC bus at Karamana injuring driver Babu .,<ARG0>Hartal supporters pelted stones at a KSRTC bus at Karamana</ARG0> <ARG1><SIG0>injuring</SIG0> driver Babu</ARG1> .,1,1,,1
cnc,train_01_104,0,0,cnc_train_01_104_0_0,The violence in Yuen Long has heightened tensions and fears of further attacks .,<ARG0>The violence in Yuen Long</ARG0> <SIG0>has <ARG1>heightened</SIG0> tensions and fears of further attacks</ARG1> .,1,1,,1
cnc,train_01_122,0,0,cnc_train_01_122_0_0,The NIA wanted to catch Akram alive as he could provide clues in resolving the blast case .,<ARG1>The NIA wanted to catch Akram alive</ARG1> <SIG0>as</SIG0> <ARG0>he could provide clues in resolving the blast case</ARG0> .,1,1,,1
cnc,train_01_124,0,0,cnc_train_01_124_0_0,Two more youths were arrested later for allegedly being involved in the blast .,<ARG1>Two more youths were arrested later</ARG1> <SIG0>for</SIG0> <ARG0>allegedly being involved in the blast</ARG0> .,1,1,,1
cnc,train_01_153,0,0,cnc_train_01_153_0_0,The clash took place over use of the field .,<ARG1>The clash took place</ARG1> <SIG0>over</SIG0> <ARG0>use of the field</ARG0> .,1,1,,1
cnc,train_01_167,0,0,cnc_train_01_167_0_0,The government has blamed separatist forces from Xinjiang for the attack .,<ARG1>The government has blamed separatist forces from Xinjiang</ARG1> <SIG0>for</SIG0> <ARG0>the attack</ARG0> .,1,1,,1
cnc,train_01_178,0,0,cnc_train_01_178_0_0,"Over 60,000 pupils were left stranded by the strike .","<ARG1>Over 60,000 pupils were left stranded</ARG1> <SIG0>by</SIG0> <ARG0>the strike</ARG0> .",1,1,,1
cnc,train_01_182,0,0,cnc_train_01_182_0_0,All the 417 guards in the suburban section refused to work extra hours in protest .,<ARG1>All the 417 guards in the suburban section refused to work extra hours</ARG1> <ARG0>in protest</ARG0> .,1,1,,1
cnc,train_01_211,0,0,cnc_train_01_211_0_0,"Shiv Sena workers , including some legislators , today staged demonstrations against Karnataka Chief Minister B S Yeddyurappa here , protesting the ' forcible installation ' of a Kannadiga mayor in Marathi-dominated Belgaum city .","<ARG1>Shiv Sena workers , including some legislators , today staged demonstrations against Karnataka Chief Minister B S Yeddyurappa here</ARG1> , <ARG0><SIG0>protesting</SIG0> the ' forcible installation ' of a Kannadiga mayor in Marathi-dominated Belgaum city</ARG0> .",1,1,,1
cnc,train_01_211,0,1,cnc_train_01_211_0_1,"Shiv Sena workers , including some legislators , today staged demonstrations against Karnataka Chief Minister B S Yeddyurappa here , protesting the ' forcible installation ' of a Kannadiga mayor in Marathi-dominated Belgaum city .","<ARG1>Shiv Sena workers , including some legislators , today staged demonstrations</ARG1> <ARG0>against Karnataka Chief Minister B S Yeddyurappa</ARG0> here , protesting the ' forcible installation ' of a Kannadiga mayor in Marathi-dominated Belgaum city .",1,1,,1
cnc,train_01_246,0,0,cnc_train_01_246_0_0,"Search is on to trace and recover the abducted people , "" he said .","<ARG1>Search is on</ARG1> <ARG0><SIG0>to</SIG0> trace and recover the abducted people</ARG0> , "" he said .",1,1,,1
cnc,train_01_262,0,0,cnc_train_01_262_0_0,"Following the incident , the labourers went on a dharna and stopped work .","<SIG0>Following</SIG0> <ARG0>the incident</ARG0> , <ARG1>the labourers went on a dharna</ARG1> and stopped work .",1,1,,1
cnc,train_01_262,0,1,cnc_train_01_262_0_1,"Following the incident , the labourers went on a dharna and stopped work .","Following the incident , <ARG0>the labourers went on a dharna</ARG0> and <ARG1>stopped work</ARG1> .",1,1,,1
cnc,train_01_296,0,0,cnc_train_01_296_0_0,"`` Talks are underway to solve the wage dispute and to end the strike , '' she said .","`` <ARG1>Talks are underway</ARG1> <ARG0><SIG1>to</SIG1> solve the wage dispute and <SIG0>to</SIG0> end the strike</ARG0> , '' she said .",1,1,,1
cnc,train_01_320,0,0,cnc_train_01_320_0_0,Hundreds of locals on Monday blocked NH 55 for six hours demanding scraping of the MoU .,<ARG1>Hundreds of locals on Monday blocked NH 55 for six hours</ARG1> <ARG0><SIG0>demanding</SIG0> scraping of the MoU</ARG0> .,1,1,,1
cnc,train_02_0,0,0,cnc_train_02_0_0_0,The blockade was lifted following an assurance from ADM Debraj Senapati and the additional SP J. Mahapatra to apprise the State Government of their demand .,<ARG1>The blockade was lifted</ARG1> <SIG0>following</SIG0> <ARG0>an assurance from ADM Debraj Senapati and the additional SP J. Mahapatra</ARG0> to apprise the State Government of their demand .,1,1,,1
cnc,train_02_0,0,1,cnc_train_02_0_0_1,The blockade was lifted following an assurance from ADM Debraj Senapati and the additional SP J. Mahapatra to apprise the State Government of their demand .,<ARG1>The blockade was lifted</ARG1> following an assurance from ADM Debraj Senapati and the additional SP J. Mahapatra <ARG0><SIG0>to</SIG0> apprise the State Government of their demand</ARG0> .,1,1,,1
cnc,train_02_26,0,0,cnc_train_02_26_0_0,The clashes erupted after a youth belonging to a minority Muslim sect was allegedly severely injured in a thrashing by a youth from the majority sect following an altercation .,<ARG1>The clashes erupted</ARG1> after <ARG0>a youth belonging to a minority Muslim sect was allegedly severely injured in a thrashing by a youth from the majority sect</ARG0> following an altercation .,1,1,,1
cnc,train_02_26,0,1,cnc_train_02_26_0_1,The clashes erupted after a youth belonging to a minority Muslim sect was allegedly severely injured in a thrashing by a youth from the majority sect following an altercation .,The clashes erupted after <ARG1>a youth belonging to a minority Muslim sect was allegedly severely injured in a thrashing by a youth from the majority sect</ARG1> <SIG0>following</SIG0> <ARG0>an altercation</ARG0> .,1,1,,1
cnc,train_02_36,0,0,cnc_train_02_36_0_0,Lawyers convinced them to accept bail to continue their campaign .,<ARG1>Lawyers convinced them to accept bail</ARG1> <ARG0><SIG0>to</SIG0> continue their campaign</ARG0> .,1,1,,1
cnc,train_02_41,0,0,cnc_train_02_41_0_0,A former state minister was also booked for inciting violence .,<ARG1>A former state minister was also booked</ARG1> <SIG0>for</SIG0> <ARG0>inciting violence</ARG0> .,1,1,,1
cnc,train_02_62,0,0,cnc_train_02_62_0_0,Thackeray demanded the state postpone HSC exams in view of the strike .,<ARG1>Thackeray demanded the state postpone HSC exams</ARG1> <SIG0>in view of</SIG0> <ARG0>the strike</ARG0> .,1,1,,1
cnc,train_02_88,0,0,cnc_train_02_88_0_0,It has organised a political convention to mobilise support to secular forces .,<ARG1>It has organised a political convention</ARG1> <ARG0><SIG0>to</SIG0> mobilise support to secular forces</ARG0> .,1,1,,1
cnc,train_02_109,0,0,cnc_train_02_109_0_0,"In 2009 , riots broke out in the capital , Urumqui , and in their wake , mass arrests were made and many Uyghurs were imprisoned or “ disappeared ” .","In 2009 , <ARG0>riots broke out in the capital</ARG0> , Urumqui , and <SIG0>in their wake</SIG0> , <ARG1>mass arrests were made and many Uyghurs were imprisoned or “ disappeared ”</ARG1> .",1,1,,1
cnc,train_02_126,0,0,cnc_train_02_126_0_0,"At least one demonstrator was briefly detained when he unfolded a banner , witnesses said .","<ARG1>At least one demonstrator was briefly detained</ARG1> when <ARG0>he unfolded a banner</ARG0> , witnesses said .",1,1,,1
cnc,train_02_133,0,0,cnc_train_02_133_0_0,Suddenly the situation flared up and the vehicle was vandalised .,<ARG0>Suddenly the situation flared up</ARG0> and <ARG1>the vehicle was vandalised</ARG1> .,1,1,,1
cnc,train_02_134,0,0,cnc_train_02_134_0_0,"After the jawans left , the Kaliachak police station was attacked  .","After <ARG0>the jawans left</ARG0> , <ARG1>the Kaliachak police station was attacked</ARG1>  .",1,1,,1
cnc,train_02_155,0,0,cnc_train_02_155_0_0,"Dissatisfied with the package , workers staged an all-nigh sit-in .","<ARG0>Dissatisfied with the package</ARG0> , <ARG1>workers staged an all-nigh sit-in</ARG1> .",1,1,,1
cnc,train_02_177,0,0,cnc_train_02_177_0_0,Three people were killed and 69 others injured in the explosion .,<ARG1>Three people were killed and 69 others injured</ARG1> in <ARG0>the explosion</ARG0> .,1,1,,1
cnc,train_02_180,0,0,cnc_train_02_180_0_0,Students and teachers of physical education relaunched their protest against the appointment of general teachers for physical education work in schools .,<ARG1>Students and teachers of physical education relaunched their protest</ARG1> <ARG0>against the appointment of general teachers for physical education work in schools</ARG0> .,1,1,,1
cnc,train_02_188,0,0,cnc_train_02_188_0_0,The bombing created panic among villagers .,<ARG0>The bombing</ARG0> <ARG1><SIG0>created</SIG0> panic among villagers</ARG1> .,1,1,,1
cnc,train_02_212,0,0,cnc_train_02_212_0_0,The police claimed they were killed while trying to blow up the local bus station .,<ARG1>The police claimed they were killed</ARG1> <SIG0>while</SIG0> <ARG0>trying to blow up the local bus station</ARG0> .,1,1,,1
cnc,train_02_219,0,0,cnc_train_02_219_0_0,The clashes left at least six students and a security guard injured .,<ARG0>The clashes</ARG0> <ARG1><SIG0>left</SIG0> at least six students and a security guard injured</ARG1> .,1,1,,1
cnc,train_02_222,0,0,cnc_train_02_222_0_0,The clash left at least three students injured .,<ARG0>The clash</ARG0> <ARG1><SIG0>left</SIG0> at least three students injured</ARG1> .,1,1,,1
cnc,train_02_225,0,0,cnc_train_02_225_0_0,"When a security guard tried to intervene , he was brutally assaulted .","When <ARG0>a security guard tried to intervene</ARG0> , <ARG1>he was brutally assaulted</ARG1> .",1,1,,1
cnc,train_02_240,0,0,cnc_train_02_240_0_0,Two civilians also received gun shot wounds in the firing .,<ARG1>Two civilians also received gun shot wounds</ARG1> in <ARG0>the firing</ARG0> .,1,1,,1
cnc,train_02_259,0,0,cnc_train_02_259_0_0,The relay fast is a way of supporting Anna from Pune .,<ARG1>The relay fast</ARG1> is <ARG0><SIG0>a way of</SIG0> supporting Anna from Pune</ARG0> .,1,1,,1
cnc,train_02_280,0,0,cnc_train_02_280_0_0,"Villagers staged protests , demanding that the department resume ‘ Operation Elephant ’ .","<ARG1>Villagers staged protests</ARG1> , <ARG0><SIG0>demanding</SIG0> that the department resume ‘ Operation Elephant ’</ARG0> .",1,1,,1
cnc,train_03_6,0,0,cnc_train_03_6_0_0,There was a shutdown in various towns in Jammu regions against the incident .,<ARG1>There was a shutdown in various towns in Jammu regions</ARG1> <ARG0>against the incident</ARG0> .,1,1,,1
cnc,train_03_29,0,0,cnc_train_03_29_0_0,Seven people - four militants and three security personnel - were killed in the first two days of the battle .,<ARG1>Seven people - four militants and three security personnel - were killed</ARG1> in <ARG0>the first two days of the battle</ARG0> .,1,1,,1
cnc,train_03_59,0,0,cnc_train_03_59_0_0,"If an agreement was not reached the protests would continue , Gumede said .","<SIG0>If</SIG0> <ARG0>an agreement was not reached</ARG0> <ARG1>the protests would continue</ARG1> , Gumede said .",1,1,,1
cnc,train_03_83,0,0,cnc_train_03_83_0_0,ANC deputy president Jacob Zuma had to intervene when the noise became too disruptive .,<ARG1>ANC deputy president Jacob Zuma had to intervene</ARG1> when <ARG0>the noise became too disruptive</ARG0> .,1,1,,1
cnc,train_03_99,0,0,cnc_train_03_99_0_0,The blast was so intense that the motorbike split into pieces .,<ARG0>The blast was <SIG0>so intense</ARG0> that</SIG0> <ARG1>the motorbike split into pieces</ARG1> .,1,1,,1
cnc,train_03_137,0,0,cnc_train_03_137_0_0,"The strike will be intensified after consulting with like-minded people , he added .","<ARG1>The strike will be intensified</ARG1> after <ARG0>consulting with like-minded people</ARG0> , he added .",1,1,,1
cnc,train_03_173,0,0,cnc_train_03_173_0_0,"On this day in 1956 around 20,000 women participated in a national march to protest against pass law legislation , which required non-white South Africans to carry a document on them to prove that they were allowed to enter `` white areas '' .","<ARG1>On this day in 1956 around 20,000 women participated in a national march</ARG1> <ARG0><SIG0>to</SIG0> protest</ARG0> against pass law legislation , which required non-white South Africans to carry a document on them to prove that they were allowed to enter `` white areas '' .",1,1,,1
cnc,train_03_173,0,1,cnc_train_03_173_0_1,"On this day in 1956 around 20,000 women participated in a national march to protest against pass law legislation , which required non-white South Africans to carry a document on them to prove that they were allowed to enter `` white areas '' .","On this day in 1956 around 20,000 women participated in a national march <ARG1>to protest</ARG1> <ARG0>against pass law legislation</ARG0> , which required non-white South Africans to carry a document on them to prove that they were allowed to enter `` white areas '' .",1,1,,1
cnc,train_03_173,0,2,cnc_train_03_173_0_2,"On this day in 1956 around 20,000 women participated in a national march to protest against pass law legislation , which required non-white South Africans to carry a document on them to prove that they were allowed to enter `` white areas '' .","On this day in 1956 around 20,000 women participated in a national march to protest against pass law legislation , <ARG1>which required non-white South Africans to carry a document on them</ARG1> <ARG0><SIG0>to</SIG0> prove that they were allowed to enter `` white areas ''</ARG0> .",1,1,,1
cnc,train_03_190,0,0,cnc_train_03_190_0_0,"Amplats workers went on strike on September 12 , demanding a monthly salary of R16,000 .","<ARG1>Amplats workers went on strike on September 12</ARG1> , <ARG0><SIG0>demanding</SIG0> a monthly salary of R16,000</ARG0> .",1,1,,1
cnc,train_03_275,0,0,cnc_train_03_275_0_0,Police took into custody fifteen activists for blocking the traffic in Visakhapatnam .,<ARG1>Police took into custody fifteen activists</ARG1> <SIG0>for</SIG0> <ARG0>blocking the traffic in Visakhapatnam</ARG0> .,1,1,,1
cnc,train_03_291,0,0,cnc_train_03_291_0_0,The incident triggered outrage across the country and was condemned as despicable and shameful stirring memories of a similar attack last December in New Delhi that sparked nationwide protests .,<ARG0>The incident</ARG0> <ARG1><SIG0>triggered</SIG0> outrage across the country and was <SIG1>condemned</SIG1> as despicable and shameful <SIG2>stirring</SIG2> memories of a similar attack last December in New Delhi that sparked nationwide protests</ARG1> .,1,1,,1
cnc,train_03_291,0,1,cnc_train_03_291_0_1,The incident triggered outrage across the country and was condemned as despicable and shameful stirring memories of a similar attack last December in New Delhi that sparked nationwide protests .,The incident triggered outrage across the country and was condemned as despicable and shameful stirring memories of <ARG0>a similar attack last December in New Delhi</ARG0> <SIG0>that <ARG1>sparked</SIG0> nationwide protests</ARG1> .,1,1,,1
cnc,train_03_307,0,0,cnc_train_03_307_0_0,They reacted angrily when mayor James Nxumalo was not available to accept their memorandum .,<ARG1>They reacted angrily</ARG1> when <ARG0>mayor James Nxumalo was not available to accept their memorandum</ARG0> .,1,1,,1
cnc,train_04_6,0,0,cnc_train_04_6_0_0,Students declare that they cannot continue agitation as they have to concentrate on exams,Students declare that <ARG1>they cannot continue agitation</ARG1> <SIG0>as</SIG0> <ARG0>they have to concentrate on exams</ARG0>,1,1,,1
cnc,train_04_9,0,0,cnc_train_04_9_0_0,"The stone pelting resulted in injuries to about 12 security personnel , he said .","<ARG0>The stone pelting</ARG0> <ARG1><SIG0>resulted in</SIG0> injuries to about 12 security personnel</ARG1> , he said .",1,1,,1
cnc,train_04_47,0,0,cnc_train_04_47_0_0,"The Maoists hit back with a vengeance within 48 hours , butchering 76 security personnel .","<ARG0>The Maoists hit back with a vengeance within 48 hours</ARG0> , <ARG1>butchering 76 security personnel</ARG1> .",1,1,,1
cnc,train_04_86,0,0,cnc_train_04_86_0_0,The protest was called off in the evening following discussions with officials .,<ARG1>The protest was called off in the evening</ARG1> <SIG0>following</SIG0> <ARG0>discussions with officials</ARG0> .,1,1,,1
cnc,train_04_113,0,0,cnc_train_04_113_0_0,"Following the protest , traffic on the highway was paralysed for some time .","<SIG0>Following</SIG0> <ARG0>the protest</ARG0> , <ARG1>traffic on the highway was paralysed for some time</ARG1> .",1,1,,1
cnc,train_04_148,0,0,cnc_train_04_148_0_0,"As a result of the protests schools were closed , buses and taxis were not operating .","<SIG0>As a result of</SIG0> <ARG0>the protests</ARG0> <ARG1>schools were closed , buses and taxis were not operating</ARG1> .",1,1,,1
cnc,train_04_165,0,0,cnc_train_04_165_0_0,The protestors came out on the highway with bullock carts to stop the vehicular traffic .,<ARG1>The protestors came out on the highway with bullock carts</ARG1> <ARG0><SIG0>to</SIG0> stop the vehicular traffic</ARG0> .,1,1,,1
cnc,train_04_169,0,0,cnc_train_04_169_0_0,He said action would be taken against those found involved in attacks on vehicles .,He said <ARG1>action would be taken</ARG1> <ARG0>against those found involved in attacks on vehicles</ARG0> .,1,1,,1
cnc,train_04_217,0,0,cnc_train_04_217_0_0,"Earlier , residents gathered outside the police station to protest about the murders .","Earlier , <ARG1>residents gathered outside the police station</ARG1> <ARG0><SIG0>to</SIG0> protest</ARG0> about the murders .",1,1,,1
cnc,train_04_217,0,1,cnc_train_04_217_0_1,"Earlier , residents gathered outside the police station to protest about the murders .","Earlier , residents gathered outside the police station <ARG1>to protest</ARG1> <SIG0>about</SIG0> <ARG0>the murders</ARG0> .",1,1,,1
cnc,train_04_232,0,0,cnc_train_04_232_0_0,Violence broke out when DYFI members protested against a Youth Congress meeting being held at the junction .,<ARG1>Violence broke out</ARG1> when <ARG0>DYFI members protested</ARG0> against a Youth Congress meeting being held at the junction .,1,1,,1
cnc,train_04_232,0,1,cnc_train_04_232_0_1,Violence broke out when DYFI members protested against a Youth Congress meeting being held at the junction .,Violence broke out when <ARG1>DYFI members protested</ARG1> <ARG0>against a Youth Congress meeting being held at the junction</ARG0> .,1,1,,1
cnc,train_04_243,0,0,cnc_train_04_243_0_0,About 120 PG students are on strike demanding payment of their stipend arrears .,<ARG1>About 120 PG students are on strike</ARG1> <ARG0><SIG0>demanding</SIG0> payment of their stipend arrears</ARG0> .,1,1,,1
cnc,train_04_247,0,0,cnc_train_04_247_0_0,The decision was taken after hundreds of KSRP personnel and their family members staged a protest in Koramangala blocking traffic for more than eight hours on Wednesday .,<ARG1>The decision was taken</ARG1> after <ARG0>hundreds of KSRP personnel and their family members staged a protest in Koramangala</ARG0> blocking traffic for more than eight hours on Wednesday .,1,1,,1
cnc,train_04_247,0,1,cnc_train_04_247_0_1,The decision was taken after hundreds of KSRP personnel and their family members staged a protest in Koramangala blocking traffic for more than eight hours on Wednesday .,The decision was taken after <ARG0>hundreds of KSRP personnel and their family members staged a protest in Koramangala</ARG0> <ARG1><SIG0>blocking</SIG0> traffic for more than eight hours on Wednesday</ARG1> .,1,1,,1
cnc,train_04_257,0,0,cnc_train_04_257_0_0,The workers went on strike five weeks ago demanding a minimum pay of R9000 a month .,<ARG1>The workers went on strike five weeks ago</ARG1> <ARG0><SIG0>demanding</SIG0> a minimum pay of R9000 a month</ARG0> .,1,1,,1
cnc,train_04_260,0,0,cnc_train_04_260_0_0,"Implats fired 17,200 workers after they refused to go back to their jobs .","<ARG1>Implats fired 17,200 workers</ARG1> after <ARG0>they refused to go back to their jobs</ARG0> .",1,1,,1
cnc,train_04_323,0,0,cnc_train_04_323_0_0,"The strike has led losses worth Rs 10,000 crore per day to different stakeholders .","<ARG0>The strike</ARG0> <ARG1><SIG0>has led</SIG0> losses worth Rs 10,000 crore per day to different stakeholders</ARG1> .",1,1,,1
cnc,train_05_39,0,0,cnc_train_05_39_0_0,"Despite the march being peaceful , most of the businesses in the inner city were closed .","<SIG0>Despite</SIG0> <ARG0>the march being peaceful</ARG0> , <ARG1>most of the businesses in the inner city were closed</ARG1> .",1,1,,1
cnc,train_05_42,0,0,cnc_train_05_42_0_0,RDSC has held numerous agitations for restoration of night movement of trains .,<ARG1>RDSC has held numerous agitations</ARG1> <SIG0>for</SIG0> <ARG0>restoration of night movement of trains</ARG0> .,1,1,,1
cnc,train_05_81,0,0,cnc_train_05_81_0_0,The burnt-down police station was repaired and given a fresh coat of paint overnight .,<ARG0>The burnt-down police station</ARG0> <ARG1>was repaired and given a fresh coat of paint overnight</ARG1> .,1,1,,1
cnc,train_05_82,0,0,cnc_train_05_82_0_0,Terrorist attack on the Pathankot airbase exposed another chink in our media armour .,<ARG0>Terrorist attack on the Pathankot airbase</ARG0> <ARG1><SIG0>exposed</SIG0> another chink in our media armour</ARG1> .,1,1,,1
cnc,train_05_83,0,0,cnc_train_05_83_0_0,The Pathankot incident too exposed how far the malignant cancer of corruption has spread .,<ARG0>The Pathankot incident</ARG0> <ARG1>too exposed how far the malignant cancer of corruption has spread</ARG1> .,1,1,,1
cnc,train_05_90,0,0,cnc_train_05_90_0_0,"As many as 38 police personnel , including women police , sustained injuries in the clash .","<ARG1>As many as 38 police personnel , including women police , sustained injuries</ARG1> in <ARG0>the clash</ARG0> .",1,1,,1
cnc,train_05_124,0,0,cnc_train_05_124_0_0,We will continue our strike till we get an assurance from the Government .,<ARG1>We will continue our strike</ARG1> <SIG0>till</SIG0> <ARG0>we get an assurance from the Government</ARG0> .,1,1,,1
cnc,train_05_135,0,0,cnc_train_05_135_0_0,They vowed to keep demonstrating until Khanyile was released on bail .,<ARG1>They vowed to keep demonstrating</ARG1> <SIG0>until</SIG0> <ARG0>Khanyile was released on bail</ARG0> .,1,1,,1
cnc,train_05_148,0,0,cnc_train_05_148_0_0,They then decided to call off the protest as the police had ceded to their demand .,<ARG1>They then decided to call off the protest</ARG1> <SIG0>as</SIG0> <ARG0>the police had ceded to their demand</ARG0> .,1,1,,1
cnc,train_05_159,0,0,cnc_train_05_159_0_0,"In all , three persons who included two MRPS workers died in the incident due to burns .","In all , <ARG1>three persons who included two MRPS workers died</ARG1> in the incident <SIG0>due to</SIG0> <ARG0>burns</ARG0> .",1,1,,1
cnc,train_05_159,0,1,cnc_train_05_159_0_1,"In all , three persons who included two MRPS workers died in the incident due to burns .","In all , <ARG1>three persons who included two MRPS workers died</ARG1> in <ARG0>the incident</ARG0> due to burns .",1,1,,1
cnc,train_05_165,0,0,cnc_train_05_165_0_0,"Two protestors were shot dead , allegedly by police , on Monday during a service delivery protest .","<ARG1>Two protestors were shot dead , allegedly by police , on Monday</ARG1> during <ARG0>a service delivery protest</ARG0> .",1,1,,1
cnc,train_05_165,0,1,cnc_train_05_165_0_1,"Two protestors were shot dead , allegedly by police , on Monday during a service delivery protest .","<ARG1>Two protestors were shot dead</ARG1> , allegedly <SIG0>by</SIG0> <ARG0>police , on Monday during a service delivery protest</ARG0> .",1,1,,1
cnc,train_05_171,0,0,cnc_train_05_171_0_0,"He said incidents of protest affected voting stations in areas including Mahikeng and Marikana in North West ; Malamulelele , Musina , Mogalakwena , and Northhampton , in Limpopo ; Bushbuckridge in Mpumalanaga ; Khayelitsha in the Western Cape ; Denver , George Koch , and Orange Farm in Gauteng ; Ethekwini and Jozini in KwaZulu-Natal ; Nelson Mandela Bay , Butterworth , and OR Tambo in the Eastern Cape ; Pampierstad in the Northern Cape ; and Maluti-a-Phofung in the Free State .","He said <ARG0>incidents of protest</ARG0> <ARG1><SIG0>affected</SIG0> voting stations in areas</ARG1> including Mahikeng and Marikana in North West ; Malamulelele , Musina , Mogalakwena , and Northhampton , in Limpopo ; Bushbuckridge in Mpumalanaga ; Khayelitsha in the Western Cape ; Denver , George Koch , and Orange Farm in Gauteng ; Ethekwini and Jozini in KwaZulu-Natal ; Nelson Mandela Bay , Butterworth , and OR Tambo in the Eastern Cape ; Pampierstad in the Northern Cape ; and Maluti-a-Phofung in the Free State .",1,1,,1
cnc,train_05_223,0,0,cnc_train_05_223_0_0,"Residents of Ravensmead on the Cape Flats staged a protest on Saturday against plans to accommodate victims of the Joe Slovo shack fire , SABC radio news reported .","<ARG1>Residents of Ravensmead on the Cape Flats staged a protest on Saturday</ARG1> <ARG0>against plans to accommodate victims of the Joe Slovo shack fire</ARG0> , SABC radio news reported .",1,1,,1
cnc,train_05_241,0,0,cnc_train_05_241_0_0,"Two others were lynched by a mob , which suspected them of being supporters of the group .","<ARG1>Two others were lynched by a mob</ARG1> , <ARG0>which suspected them of being supporters of the group</ARG0> .",1,1,,1
cnc,train_05_249,0,0,cnc_train_05_249_0_0,"Around 30,000 truck drivers countrywide began striking for better pay on Tuesday .","<ARG1>Around 30,000 truck drivers countrywide began striking</ARG1> <SIG0>for</SIG0> <ARG0>better pay on Tuesday</ARG0> .",1,1,,1
cnc,train_05_257,0,0,cnc_train_05_257_0_0,"The 60 - page charge sheet , filed by National Investigation Agency(NIA) on Saturday before a special court in New Delhi , details reconnaissance activities carried out by 50 - year-old Headley of the targets attacked by Lashker-e-Taiba(LeT) terrorists on November 26 , 2008 that left 166 people dead .","The 60 - page charge sheet , filed by National Investigation Agency(NIA) on Saturday before a special court in New Delhi , details <ARG0>reconnaissance activities carried out by 50 - year-old Headley of the targets attacked by Lashker-e-Taiba(LeT) terrorists on November 26 , 2008</ARG0> that <ARG1><SIG0>left</SIG0> 166 people dead</ARG1> .",1,1,,1
cnc,train_05_274,0,0,cnc_train_05_274_0_0,Heavy police presence was seen in the area due to the protest .,<ARG1>Heavy police presence was seen in the area</ARG1> <SIG0>due to</SIG0> <ARG0>the protest</ARG0> .,1,1,,1
cnc,train_05_299,0,0,cnc_train_05_299_0_0,Telangana Rastra Samiti ( TRS ) on Thursday condemned arrests of Telangana protagonists from Adilabad district to foil the ‘ Million March ' .,<ARG1>Telangana Rastra Samiti ( TRS ) on Thursday condemned arrests of Telangana protagonists from Adilabad district</ARG1> <ARG0><SIG0>to</SIG0> foil the ‘ Million March '</ARG0> .,1,1,,1
cnc,train_05_305,0,0,cnc_train_05_305_0_0,"Irked over the arrests , the protestors staged dharna .","<ARG0><SIG0>Irked over</SIG0> the arrests</ARG0> , <ARG1>the protestors staged dharna</ARG1> .",1,1,,1
cnc,train_06_12,0,0,cnc_train_06_12_0_0,It is being alleged that racism could have been one of the triggers for the quarrel .,It is being alleged that <ARG0>racism</ARG0> <ARG1><SIG0>could have been one of the triggers for</SIG0> the quarrel</ARG1> .,1,1,,1
cnc,train_06_35,0,0,cnc_train_06_35_0_0,Police teargassing was answered with a few gunshots in the air from one of the houses .,<ARG0>Police teargassing</ARG0> <ARG1><SIG0>was answered with</SIG0> a few gunshots in the air from one of the houses</ARG1> .,1,1,,1
cnc,train_06_36,0,0,cnc_train_06_36_0_0,"In retaliation , the police fired a few rounds in the air which finally capped the clashes .","In <ARG0>retaliation</ARG0> , <ARG1>the police fired a few rounds in the air</ARG1> which finally capped the clashes .",1,1,,1
cnc,train_06_36,0,1,cnc_train_06_36_0_1,"In retaliation , the police fired a few rounds in the air which finally capped the clashes .","In retaliation , <ARG0>the police fired a few rounds in the air</ARG0> <ARG1>which finally capped the clashes</ARG1> .",1,1,,1
cnc,train_06_76,0,0,cnc_train_06_76_0_0,Scuffles broke out around noon when police attempted to seize their banners .,<ARG1>Scuffles broke out around noon</ARG1> when <ARG0>police attempted to seize their banners</ARG0> .,1,1,,1
cnc,train_06_95,0,0,cnc_train_06_95_0_0,They protested against the Circle Inspector 's highhandedness .,<ARG1>They protested</ARG1> <ARG0>against the Circle Inspector 's highhandedness</ARG0> .,1,1,,1
cnc,train_06_102,0,0,cnc_train_06_102_0_0,The arrests came after residents took to the streets and barricaded roads .,<ARG1>The arrests came</ARG1> after <ARG0>residents took to the streets and barricaded roads</ARG0> .,1,1,,1
cnc,train_06_103,0,0,cnc_train_06_103_0_0,Residents started protesting on Sunday afternoon about a water shortage in Mothutlung .,<ARG1>Residents started protesting on Sunday afternoon</ARG1> <SIG0>about</SIG0> <ARG0>a water shortage in Mothutlung</ARG0> .,1,1,,1
cnc,train_06_104,0,0,cnc_train_06_104_0_0,"On Monday , two people were killed , allegedly by police , during the protests .","On Monday , <ARG1>two people were killed</ARG1> , <ARG0><SIG0>allegedly by</SIG0> police , during the protests</ARG0> .",1,1,,1
cnc,train_06_116,0,0,cnc_train_06_116_0_0,They were on strike for about 65 days protesting the low wages .,<ARG1>They were on strike for about 65 days</ARG1> <ARG0><SIG0>protesting</SIG0> the low wages</ARG0> .,1,1,,1
cnc,train_06_120,0,0,cnc_train_06_120_0_0,Lack of medical services because of the strike left several patients in agony .,<ARG1>Lack of medical services</ARG1> <SIG0>because of</SIG0> <ARG0>the strike</ARG0> left several patients in agony .,1,1,,1
cnc,train_06_120,0,1,cnc_train_06_120_0_1,Lack of medical services because of the strike left several patients in agony .,<ARG0>Lack of medical services</ARG0> because of the strike <ARG1><SIG0>left</SIG0> several patients in agony</ARG1> .,1,1,,1
cnc,train_06_135,0,0,cnc_train_06_135_0_0,"Boycotting the classes and medical services , hundreds of junior doctors squatted at the hospital main building .","<ARG0><SIG0>Boycotting</SIG0> the classes and medical services</ARG0> , <ARG1>hundreds of junior doctors squatted at the hospital main building</ARG1> .",1,1,,1
cnc,train_06_160,0,0,cnc_train_06_160_0_0,Two constables allegedly committed suicide in Nizamabad district demanding statehood .,<ARG1>Two constables allegedly committed suicide in Nizamabad district</ARG1> <ARG0><SIG0>demanding</SIG0> statehood</ARG0> .,1,1,,1
cnc,train_06_168,0,0,cnc_train_06_168_0_0,"Thirty people were killed in the agitation , which also saw large scale damage to property .","<ARG1>Thirty people were killed</ARG1> in <ARG0>the agitation</ARG0> , which also saw large scale damage to property .",1,1,,1
cnc,train_06_168,0,1,cnc_train_06_168_0_1,"Thirty people were killed in the agitation , which also saw large scale damage to property .","Thirty people were killed in <ARG0>the agitation</ARG0> , <ARG1>which also saw large scale damage to property</ARG1> .",1,1,,1
cnc,train_06_170,0,0,cnc_train_06_170_0_0,"Participating in the protest YSRC city convenor P.G. Narasimha Radav , city general secretary S. Noorullah Quadri , State joint secretary B. Zaheer Ahmad Khan and State Minority Cell secretary M. Saleem Basha said that only stringent punishment such as death sentence could act as a deterrent against such ‘ heinous crime ’ .","Participating in the protest YSRC city convenor P.G. Narasimha Radav , city general secretary S. Noorullah Quadri , State joint secretary B. Zaheer Ahmad Khan and State Minority Cell secretary M. Saleem Basha said that <ARG0>only stringent punishment such as death sentence</ARG0> <ARG1><SIG0>could act as a deterrent</SIG0> against such ‘ heinous crime ’</ARG1> .",1,1,,1
cnc,train_06_216,0,0,cnc_train_06_216_0_0,Two men have been charged for their murders .,<ARG1>Two men have been charged</ARG1> <SIG0>for</SIG0> <ARG0>their murders</ARG0> .,1,1,,1
cnc,train_06_231,0,0,cnc_train_06_231_0_0,The DGP said steps have been taken to prevent the escalation of violence .,The DGP said <ARG1>steps have been taken</ARG1> <ARG0>to prevent the escalation of violence</ARG0> .,1,1,,1
cnc,train_06_235,0,0,cnc_train_06_235_0_0,PFI activists later took out a march in the city protesting against the police action .,<ARG1>PFI activists later took out a march in the city</ARG1> <ARG0><SIG0>protesting</SIG0> against the police action</ARG0> .,1,1,,1
cnc,train_06_248,0,0,cnc_train_06_248_0_0,"Partial in Singareni The Telangana NGOs State associate president , M. Sudhakar , who took part in the protest at the Collectorate , said the fears being expressed by employees and workers owed mainly to the moves of the government .","Partial in Singareni The Telangana NGOs State associate president , M. Sudhakar , who took part in the protest at the Collectorate , said <ARG1>the fears being expressed by employees and workers</ARG1> <SIG0>owed mainly to</SIG0> <ARG0>the moves of the government</ARG0> .",1,1,,1
cnc,train_06_249,0,0,cnc_train_06_249_0_0,The protesters raised slogans against the government .,<ARG1>The protesters raised slogans</ARG1> <ARG0>against the government</ARG0> .,1,1,,1
cnc,train_06_283,0,0,cnc_train_06_283_0_0,"As the violence spread , the curfew was later extended to eight more localities .","<SIG0>As</SIG0> <ARG0>the violence spread</ARG0> , <ARG1>the curfew was later extended to eight more localities</ARG1> .",1,1,,1
cnc,train_06_286,0,0,cnc_train_06_286_0_0,The Cheriyathura clash was the outcome of a petty scuffle between two sections .,<ARG1>The Cheriyathura clash</ARG1> <ARG0><SIG0>was the outcome of</SIG0> a petty scuffle between two sections</ARG0> .,1,1,,1
cnc,train_07_4,0,0,cnc_train_07_4_0_0,Stones were thrown and a number of people were left injured .,<ARG0>Stones were thrown</ARG0> and <ARG1>a number of people were left injured</ARG1> .,1,1,,1
cnc,train_07_11,0,0,cnc_train_07_11_0_0,Vehicles have also been used to commit attacks on civilians in Nice and Berlin .,<ARG1>Vehicles have also been used</ARG1> <ARG0><SIG0>to</SIG0> commit attacks on civilians in Nice and Berlin</ARG0> .,1,1,,1
cnc,train_07_15,0,0,cnc_train_07_15_0_0,Six protesters were injured in the firing .,<ARG1>Six protesters were injured</ARG1> in <ARG0>the firing</ARG0> .,1,1,,1
cnc,train_07_51,0,0,cnc_train_07_51_0_0,This resulted into a clash between the members of the two communities .,<ARG0>This</ARG0> <ARG1><SIG0>resulted into</SIG0> a clash between the members of the two communities</ARG1> .,1,1,,1
cnc,train_07_52,0,0,cnc_train_07_52_0_0,"On learning about the incident , the local police rushed to the spot .","<SIG0>On</SIG0> <ARG0>learning about the incident</ARG0> , <ARG1>the local police rushed to the spot</ARG1> .",1,1,,1
cnc,train_07_64,0,0,cnc_train_07_64_0_0,The four inmates who held her hostage were arrested .,<ARG0>The four inmates who held her hostage</ARG0> were <ARG1>arrested</ARG1> .,1,1,,1
cnc,train_07_85,0,0,cnc_train_07_85_0_0,"But as we work for the people , we obliged their request and released the men , ” said a Maoist leader who handed over the abducted to the tribal leaders .","But <SIG0>as</SIG0> <ARG0>we work for the people</ARG0> , <ARG1>we obliged their request and released the men</ARG1> , ” said a Maoist leader who handed over the abducted to the tribal leaders .",1,1,,1
cnc,train_07_85,0,1,cnc_train_07_85_0_1,"But as we work for the people , we obliged their request and released the men , ” said a Maoist leader who handed over the abducted to the tribal leaders .","But as we work for the people , <ARG0>we obliged their request</ARG0> and <ARG1>released the men</ARG1> , ” said a Maoist leader who handed over the abducted to the tribal leaders .",1,1,,1
cnc,train_07_117,0,0,cnc_train_07_117_0_0,"It is not a time of celebration , there are no winners in this strike , '' Magara said .","<ARG1>It is not a time of celebration</ARG1> , <ARG0>there are no winners in this strike</ARG0> , '' Magara said .",1,1,,1
cnc,train_07_124,0,0,cnc_train_07_124_0_0,This was to thwart economic well-being of the population .,<ARG1>This</ARG1> was <ARG0><SIG0>to</SIG0> thwart economic well-being of the population</ARG0> .,1,1,,1
cnc,train_07_125,0,0,cnc_train_07_125_0_0,They blocked access to the villages by cutting down trees .,<ARG1>They blocked access to the villages</ARG1> <SIG0>by</SIG0> <ARG0>cutting down trees</ARG0> .,1,1,,1
cnc,train_07_130,0,0,cnc_train_07_130_0_0,"He said some 200 protesters became violent , and traffic had to be diverted .","He said <ARG0>some 200 protesters became violent</ARG0> , and <ARG1>traffic had to be diverted</ARG1> .",1,1,,1
cnc,train_07_131,0,0,cnc_train_07_131_0_0,The roads were first closed at 4:45am after protesters blockaded them with burning tyres .,<ARG1>The roads were first closed at 4:45am</ARG1> after <ARG0>protesters blockaded them with burning tyres .</ARG0>,1,1,,1
cnc,train_07_143,0,0,cnc_train_07_143_0_0,They said they would continue with the action until a concrete plan was in place .,They said <ARG1>they would continue with the action</ARG1> <SIG0>until</SIG0> <ARG0>a concrete plan was in place</ARG0> .,1,1,,1
cnc,train_07_156,0,0,cnc_train_07_156_0_0,The attacks resulted in over 250 deaths and injuries to more than 700 people .,<ARG0>The attacks</ARG0> <ARG1><SIG0>resulted in</SIG0> over 250 deaths and injuries to more than 700 people</ARG1> .,1,1,,1
cnc,train_07_168,0,0,cnc_train_07_168_0_0,Following our march the WCED gave us a letter saying the following would happen :,<SIG0>Following</SIG0> <ARG0>our march</ARG0> <ARG1>the WCED gave us a letter saying the following would happen</ARG1> :,1,1,,1
cnc,train_07_186,0,0,cnc_train_07_186_0_0,"In all , 58 persons were arrested for indulging in violence .","In all , <ARG1>58 persons were arrested</ARG1> <SIG0>for</SIG0> <ARG0>indulging in violence</ARG0> .",1,1,,1
cnc,train_07_221,0,0,cnc_train_07_221_0_0,The LMC workers later protested by dumping garbage on the Hardoi road and blocking traffic .,<ARG0>The LMC workers later protested</ARG0> <SIG0>by</SIG0> <ARG1>dumping garbage on the Hardoi road and blocking traffic</ARG1> .,1,1,,1
cnc,train_07_239,0,0,cnc_train_07_239_0_0,"But Nithin would continue his hunger strike by not eating anything , he added .","But <ARG1>Nithin would continue his hunger strike</ARG1> <SIG0>by</SIG0> <ARG0>not eating anything</ARG0> , he added .",1,1,,1
cnc,train_07_240,0,0,cnc_train_07_240_0_0,The fifth year students of Integrated Pharmaceutical Chemistry ( IPC ) have been protesting since 13 days demanding division of IPC from Chemistry department .,<ARG1>The fifth year students of Integrated Pharmaceutical Chemistry ( IPC ) have been protesting since 13 days</ARG1> <ARG0><SIG0>demanding</SIG0> division of IPC from Chemistry department</ARG0> .,1,1,,1
cnc,train_07_259,0,0,cnc_train_07_259_0_0,Other explosions cut railway lines between the sprawling township and Johannesburg .,<ARG0>Other explosions</ARG0> <ARG1>cut railway lines between the sprawling township and Johannesburg</ARG1> .,1,1,,1
cnc,train_07_265,0,0,cnc_train_07_265_0_0,The members will not keep quiet if the protest was withdrawn without any assurance .,<ARG1>The members will not keep quiet</ARG1> <SIG0>if</SIG0> <ARG0>the protest was withdrawn without any assurance</ARG0> .,1,1,,1
cnc,train_07_286,0,0,cnc_train_07_286_0_0,These aspirations were behind the series of demonstrations and rallies held last Sunday .,<ARG0>These aspirations</ARG0> <ARG1><SIG0>were behind</SIG0> the series of demonstrations and rallies held last Sunday</ARG1> .,1,1,,1
cnc,train_07_323,0,0,cnc_train_07_323_0_0,This strike is causing huge disruptions and all because of a one percent wage increase .,<ARG1>This strike</ARG1> is causing huge disruptions and <SIG0>all because of</SIG0> <ARG0>a one percent wage increase</ARG0> .,1,1,,1
cnc,train_07_323,0,1,cnc_train_07_323_0_1,This strike is causing huge disruptions and all because of a one percent wage increase .,<ARG0>This strike</ARG0> <ARG1><SIG0>is causing</SIG0> huge disruptions</ARG1> and all because of a one percent wage increase .,1,1,,1
cnc,train_08_36,0,0,cnc_train_08_36_0_0,"In the melee , Ms. Rajakumari lost her consciousness .","In <ARG0>the melee</ARG0> , <ARG1>Ms. Rajakumari lost her consciousness</ARG1> .",1,1,,1
cnc,train_08_122,0,0,cnc_train_08_122_0_0,Protestors had made the road completely impassable by adding more stones .,<ARG1>Protestors had made the road completely impassable</ARG1> <SIG0>by</SIG0> <ARG0>adding more stones</ARG0> .,1,1,,1
cnc,train_08_128,0,0,cnc_train_08_128_0_0,"However , trade unions refused to accept it and continued their strike .","However , <ARG0>trade unions refused to accept it</ARG0> and <ARG1>continued their strike</ARG1> .",1,1,,1
cnc,train_08_133,0,0,cnc_train_08_133_0_0,This false propaganda is being carried out against the agitation in Singur .,<ARG1>This false propaganda is being carried out</ARG1> <ARG0>against the agitation in Singur</ARG0> .,1,1,,1
cnc,train_08_180,0,0,cnc_train_08_180_0_0,The lawyers are on a strike since Thursday after the incident .,<ARG1>The lawyers are on a strike since Thursday</ARG1> after <ARG0>the incident</ARG0> .,1,1,,1
cnc,train_08_182,0,0,cnc_train_08_182_0_0,"We will continue to boycott the work in all courts till the District Magistrate looks into our demands , ” Samal said .","<ARG1>We will continue to boycott the work in all courts</ARG1> <SIG0>till</SIG0> <ARG0>the District Magistrate looks into our demands</ARG0> , ” Samal said .",1,1,,1
cnc,train_08_211,0,0,cnc_train_08_211_0_0,`` We suspect that he pulled the trigger that killed Chika '' .,`` We suspect that <ARG0>he pulled the trigger</ARG0> <SIG0>that</SIG0> <ARG1>killed Chika</ARG1> '' .,1,1,,1
cnc,train_08_235,0,0,cnc_train_08_235_0_0,"“ I think independent film producers have the responsibility to document what mainstream media failed to report on. ” But on the eve of the protests ’ second anniversary , Chan claims all of Hong Kong ’ s major cinemas are refusing to show his film , the result , he suspects , of creeping self-censorship as businesses shy away from offending Beijing .","“ I think independent film producers have the responsibility to document what mainstream media failed to report on. ” But on the eve of the protests ’ second anniversary , Chan claims <ARG1>all of Hong Kong ’ s major cinemas are refusing to show his film</ARG1> , <SIG0>the result , he suspects , of</SIG0> <ARG0>creeping self-censorship</ARG0> as businesses shy away from offending Beijing .",1,1,,1
cnc,train_08_235,0,1,cnc_train_08_235_0_1,"“ I think independent film producers have the responsibility to document what mainstream media failed to report on. ” But on the eve of the protests ’ second anniversary , Chan claims all of Hong Kong ’ s major cinemas are refusing to show his film , the result , he suspects , of creeping self-censorship as businesses shy away from offending Beijing .","“ I think independent film producers have the responsibility to document what mainstream media failed to report on. ” But on the eve of the protests ’ second anniversary , Chan claims all of Hong Kong ’ s major cinemas are refusing to show his film , the result , he suspects , of <ARG1>creeping self-censorship</ARG1> <SIG0>as</SIG0> <ARG0>businesses shy away from offending Beijing</ARG0> .",1,1,,1
cnc,train_08_243,0,0,cnc_train_08_243_0_0,"Will the unprecedented protests embolden them to fight for their beliefs in future , or convince them that resistance to Beijing ’ s will is futile ?","Will <ARG0>the unprecedented protests</ARG0> <ARG1><SIG1>embolden</SIG1> them to fight for their beliefs in future , or <SIG0>convince</SIG0> them that resistance to Beijing ’ s will is futile</ARG1> ?",1,1,,1
cnc,train_08_243,0,1,cnc_train_08_243_0_1,"Will the unprecedented protests embolden them to fight for their beliefs in future , or convince them that resistance to Beijing ’ s will is futile ?","Will the unprecedented protests <ARG1>embolden them to fight</ARG1> <SIG0>for</SIG0> <ARG0>their beliefs in future</ARG0> , or convince them that resistance to Beijing ’ s will is futile ?",1,1,,1
cnc,train_08_254,0,0,cnc_train_08_254_0_0,"In case the government does not change its stand , we will further intensify our stir .","<SIG0>In case</SIG0> <ARG0>the government does not change its stand</ARG0> , <ARG1>we will further intensify our stir</ARG1> .",1,1,,1
cnc,train_08_270,0,0,cnc_train_08_270_0_0,"However , Nitish Kumar termed the shutdown opposed to development .","However , Nitish Kumar termed <ARG1>the shutdown</ARG1> <ARG0><SIG0>opposed to</SIG0> development</ARG0> .",1,1,,1
cnc,train_08_278,0,0,cnc_train_08_278_0_0,"If it does not act , the protests will continue .","<SIG0>If</SIG0> <ARG0>it does not act</ARG0> , <ARG1>the protests will continue</ARG1> .",1,1,,1
cnc,train_08_304,0,0,cnc_train_08_304_0_0,He has been on indefinite hunger strike since August 25 in support of united Andhra Pradesh .,<ARG1>He has been on indefinite hunger strike since August 25</ARG1> <ARG0><SIG0>in support of</SIG0> united Andhra Pradesh</ARG0> .,1,1,,1
cnc,train_09_B_1,0,0,cnc_train_09_B_1_0_0,Night halt services to remote villages were suspended following the bandh call .,<ARG1>Night halt services to remote villages were suspended</ARG1> <SIG0>following</SIG0> <ARG0>the bandh call</ARG0> .,1,1,,1
cnc,train_09_A_10,0,0,cnc_train_09_A_10_0_0,Khan 's boycott will be largely symbolic because he is seen as a ceremonial head .,<ARG1>Khan 's boycott will be largely symbolic</ARG1> <SIG0>because</SIG0> <ARG0>he is seen as a ceremonial head</ARG0> .,1,1,,1
cnc,train_09_B_10,0,0,cnc_train_09_B_10_0_0,The incident sent shock waves among devotees and archakas who were witness to the attack .,<ARG1>The incident sent shock waves among devotees and archakas</ARG1> <ARG0>who were witness to the attack</ARG0> .,1,1,,1
cnc,train_09_A_20,0,0,cnc_train_09_A_20_0_0,Her driver drove the SUV and hit him causing injuries to his hands and legs .,<ARG0>Her driver drove the SUV and hit him</ARG0> <ARG1><SIG0>causing</SIG0> injuries to his hands and legs</ARG1> .,1,1,,1
cnc,train_09_B_20,0,0,cnc_train_09_B_20_0_0,Had the administration wanted it could have averted the incident .,<SIG0>Had</SIG0> <ARG0>the administration wanted</ARG0> <ARG1>it could have averted the incident</ARG1> .,1,1,,1
cnc,train_09_B_24,0,0,cnc_train_09_B_24_0_0,"However , local villagers resisted the searches , saying there were no militants hiding there .","However , <ARG1>local villagers resisted the searches</ARG1> , <ARG0>saying there were no militants hiding there</ARG0> .",1,1,,1
cnc,train_09_A_40,0,0,cnc_train_09_A_40_0_0,India stalled cricketing ties in the aftermath of 2008 Mumbai terrorist attack .,<ARG1>India stalled cricketing ties</ARG1> in the aftermath of <ARG0>2008 Mumbai terrorist attack</ARG0> .,1,1,,1
cnc,train_09_B_87,0,0,cnc_train_09_B_87_0_0,A bodyguard of Javed was killed in that attack .,<ARG1>A bodyguard of Javed was killed</ARG1> in <ARG0>that attack</ARG0> .,1,1,,1
cnc,train_09_B_92,0,0,cnc_train_09_B_92_0_0,"Mr. Chandy was not condemning violence by RSS workers to get RSS support , he added .","<ARG1>Mr. Chandy was not condemning violence by RSS workers</ARG1> <ARG0><SIG0>to</SIG0> get RSS support</ARG0> , he added .",1,1,,1
cnc,train_09_A_99,0,0,cnc_train_09_A_99_0_0,Police arrested two women for allegedly looting the business that was set alight .,<ARG1>Police arrested two women</ARG1> <SIG0>for</SIG0> <ARG0>allegedly looting the business that was set alight</ARG0> .,1,1,,1
cnc,train_09_A_100,0,0,cnc_train_09_A_100_0_0,Another person was arrested for setting fire to the councillor 's house .,<ARG1>Another person was arrested</ARG1> <SIG0>for</SIG0> <ARG0>setting fire to the councillor 's house</ARG0> .,1,1,,1
cnc,train_09_B_108,0,0,cnc_train_09_B_108_0_0,"Three terrorists have been killed in this gunfight , which is still going on .","<ARG1>Three terrorists have been killed</ARG1> in <ARG0>this gunfight</ARG0> , which is still going on .",1,1,,1
cnc,train_09_B_111,0,0,cnc_train_09_B_111_0_0,"In the gunfight that ensued , three guerrillas have been killed , the atrmy spokesman said .","In <ARG0>the gunfight that ensued</ARG0> , <ARG1>three guerrillas have been killed</ARG1> , the atrmy spokesman said .",1,1,,1
cnc,train_09_B_121,0,0,cnc_train_09_B_121_0_0,"DA MP Andrew Whitfield said he would ask police commissioner General Khehla Sitole to activate the National Joint Operations and Intelligence Structure ( Natjoints ) to intervene to curb violence , protect infrastructure and prevent further damage to the economy arising out of events such as looting , attacks on foreign nationals and the torching of trucks in an ongoing labour protest .","DA MP Andrew Whitfield said <ARG1>he would ask police commissioner General Khehla Sitole</ARG1> <ARG0><SIG0>to</SIG0> activate the National Joint Operations and Intelligence Structure ( Natjoints )</ARG0> to intervene to curb violence , protect infrastructure and prevent further damage to the economy arising out of events such as looting , attacks on foreign nationals and the torching of trucks in an ongoing labour protest .",1,1,,1
cnc,train_09_B_121,0,1,cnc_train_09_B_121_0_1,"DA MP Andrew Whitfield said he would ask police commissioner General Khehla Sitole to activate the National Joint Operations and Intelligence Structure ( Natjoints ) to intervene to curb violence , protect infrastructure and prevent further damage to the economy arising out of events such as looting , attacks on foreign nationals and the torching of trucks in an ongoing labour protest .","DA MP Andrew Whitfield said he would ask police commissioner General Khehla Sitole <ARG1>to activate the National Joint Operations and Intelligence Structure ( Natjoints )</ARG1> <ARG0><SIG0>to</SIG0> intervene</ARG0> to curb violence , protect infrastructure and prevent further damage to the economy arising out of events such as looting , attacks on foreign nationals and the torching of trucks in an ongoing labour protest .",1,1,,1
cnc,train_09_B_121,0,2,cnc_train_09_B_121_0_2,"DA MP Andrew Whitfield said he would ask police commissioner General Khehla Sitole to activate the National Joint Operations and Intelligence Structure ( Natjoints ) to intervene to curb violence , protect infrastructure and prevent further damage to the economy arising out of events such as looting , attacks on foreign nationals and the torching of trucks in an ongoing labour protest .","DA MP Andrew Whitfield said he would ask police commissioner General Khehla Sitole to activate the National Joint Operations and Intelligence Structure ( Natjoints ) <ARG1>to intervene</ARG1> <ARG0><SIG0>to</SIG0> curb violence , protect infrastructure and prevent further damage to the economy</ARG0> arising out of events such as looting , attacks on foreign nationals and the torching of trucks in an ongoing labour protest .",1,1,,1
cnc,train_09_B_121,0,3,cnc_train_09_B_121_0_3,"DA MP Andrew Whitfield said he would ask police commissioner General Khehla Sitole to activate the National Joint Operations and Intelligence Structure ( Natjoints ) to intervene to curb violence , protect infrastructure and prevent further damage to the economy arising out of events such as looting , attacks on foreign nationals and the torching of trucks in an ongoing labour protest .","DA MP Andrew Whitfield said he would ask police commissioner General Khehla Sitole to activate the National Joint Operations and Intelligence Structure ( Natjoints ) to intervene to curb violence , protect infrastructure and prevent further <ARG1>damage to the economy</ARG1> <SIG0>arising out of</SIG0> <ARG0>events such as looting , attacks on foreign nationals and the torching of trucks in an ongoing labour protest</ARG0> .",1,1,,1
cnc,train_09_B_125,0,0,cnc_train_09_B_125_0_0,People block road traffic on NH 210 : One person was injured when a group of DMK men allegedly attacked him and some others at Sholandur near R.S. Mangalam on Monday .,People block road traffic on NH 210 : <ARG1>One person was injured</ARG1> when <ARG0>a group of DMK men allegedly attacked him and some others at Sholandur near R.S. Mangalam on Monday</ARG0> .,1,1,,1
cnc,train_09_A_129,0,0,cnc_train_09_A_129_0_0,"On July 28 , an argument between two shopkeepers had led to a communal flare-up .","On July 28 , <ARG0>an argument between two shopkeepers</ARG0> <ARG1><SIG0>had led to</SIG0> a communal flare-up</ARG1> .",1,1,,1
cnc,train_09_A_130,0,0,cnc_train_09_A_130_0_0,"As the Muslims and tribals clashed , eight people were injured in police firing .","As the Muslims and tribals clashed , <ARG1>eight people were injured</ARG1> in <ARG0>police firing</ARG0> .",1,1,,1
cnc,train_09_A_130,0,1,cnc_train_09_A_130_0_1,"As the Muslims and tribals clashed , eight people were injured in police firing .","<SIG0>As</SIG0> <ARG0>the Muslims and tribals clashed</ARG0> , eight people were injured in <ARG1>police firing</ARG1> .",1,1,,1
cnc,train_09_B_134,0,0,cnc_train_09_B_134_0_0,"Of the five flat occupants , Atif Ameen and Mohd Sajid were killed during the encounter .","Of the five flat occupants , <ARG1>Atif Ameen and Mohd Sajid were killed</ARG1> during <ARG0>the encounter</ARG0> .",1,1,,1
cnc,train_09_B_150,0,0,cnc_train_09_B_150_0_0,He dismissed as unfounded earlier reports that a student was killed during the melee .,He dismissed as unfounded earlier reports that <ARG1>a student was killed</ARG1> during <ARG0>the melee</ARG0> .,1,1,,1
